k,t,label_any_correct,entropy_bits,temperature,max_tokens,gold_answers,question,mi_bits,agreement,verify_score
10,3,0,0.000000,0.5,64,Steve Coogan,Who voices the hairless cat in secret life of pets?,0.000000,1.000000,0.000000
10,3,0,0.000000,0.5,64,her first love | Devon | her first love Devon | Devon Carter | Lil' J | Jonathan Richard McDaniel,Who did raven marry in that's so raven?,0.000000,1.000000,0.000000
10,3,0,0.000000,0.5,64,David Crowder | David Wallace Crowder | Crowder,Who wrote come as you are by crowder?,0.000000,1.000000,0.000000
10,3,0,0.000000,0.5,64,Jerry Leiber and Mike Stoller,Who wrote you ain't nothin but a hound dog?,0.000000,1.000000,0.000000
10,3,0,0.000000,0.5,64,Fiji,Where is the current season of survivor being played?,0.000000,1.000000,0.000000
10,3,0,0.000000,0.5,64,Dewey Bunnell | America,Who sings been through the desert on a horse with no name?,0.000000,1.000000,0.000000
10,3,0,0.000000,0.5,64,Angela Bartys | America Ferrera,Who plays astrid how to train your dragon?,0.000000,1.000000,0.000000
10,3,0,0.000000,0.5,64,1945,What year was germany split into east and west?,0.000000,1.000000,0.000000
10,3,0,0.000000,0.5,64,1931–1971 | 1931 until 1972 | 1931 to 1970 | nearly 40 years | 40 years,How long was the empire state building the tallest building?,0.000000,1.000000,0.000000
10,3,0,0.000000,0.5,64,Jeanne Calment | Sarah Knauss | Kane Tanaka | Jean Calment,Who is the person who has lived the longest?,0.000000,1.000000,0.000000
10,3,0,0.000000,0.5,64,"1969 | Brandenburg v. Ohio, 395 U.S. 444 (1969) | Clarence Brandenburg v. State of Ohio | Brandenburg v. Ohio",Who played nancy's boyfriend in stranger things?,0.000000,1.000000,0.000000
10,3,0,0.000000,0.5,64,The B of A | Bank of America Stadium | The Bank | The Vault | The BOA | Memorial Stadium,What is the name of the stadium where the carolina panthers play?,0.000000,1.000000,0.000000
10,3,0,0.000000,0.5,64,"Joseph G. McCoy | Joseph ""Cowboy' McCoy",Who set up the first stockyard for texas cattle in abilene kansas?,0.000000,1.000000,0.000000
10,3,0,0.000000,0.5,64,"May 29, 1851 | June 21, 1851 | May 1863 | 1981",When was ain't i a woman written?,0.000000,1.000000,0.000000
10,3,0,0.000000,0.5,64,"25,000–70,000 | 6,800 | 10,000 | 17,000 | 25,000 | 70,000",How many american lives were lost in the revolutionary war?,0.000000,1.000000,0.000000
10,3,0,0.000000,0.5,64,the castle's motherly head housekeeper | Emma Thompson | Thompson | housekeeper | Dame Emma Thompson DBE | Dame Emma Thompson,Who is mrs potts in beauty and the beast 2017?,0.000000,1.000000,0.000000
10,3,0,0.000000,0.5,64,"September 13, 1996 | December 3, 2002 | August 5, 2014 | April 18, 2015 | January 22, 2006",When did dragon ball z come out in america?,0.000000,1.000000,0.000000
10,3,0,0.000000,0.5,64,freeware | Video editing software,Microsoft live movie maker is an example of free?,0.000000,1.000000,0.000000
10,3,0,0.000000,0.5,64,2006 | 2006 National League playoffs,When is the last time the padres made the playoffs?,0.000000,1.000000,0.000000
10,3,0,0.000000,0.5,64,Wayne Northrop,Who played the original roman on days of our lives?,0.000000,1.000000,0.000000
10,3,0,0.000000,0.5,64,"Albany Congress | Albany Convention of 1754 | 1754 | July 10, 1754",When did the albany plan of union take place?,0.000000,1.000000,0.000000
10,3,0,0.000000,0.5,64,"August 28, 2015 | August 20, 2013 | September 13, 2011",When did ben rectors new album come out?,0.000000,1.000000,0.000000
10,3,0,0.000000,0.5,64,20 March 2018,When does ex on the beach season 8 start?,0.000000,1.000000,0.000000
10,3,0,0.000000,0.5,64,Argentina 78 | 1978 | 1978 FIFA World Cup | 1978 FIFA World Cup Final | Copa Mundial de Fútbol Argentina '78 | 25 June 1978 | 1986 FIFA World Cup | Copa Mundial de Fútbol México '86 | 1986 | 29 June 1986 | 13th FIFA World Cup | 1986 FIFA World Cup Final | Mexico '86,When has argentina won the fifa world cup?,0.000000,1.000000,0.000000
10,3,0,0.000000,0.5,64,Arctic Circle | Tropic of Cancer | Equator | Tropic of Capricorn | Antarctic Circle,What are the 5 major circles of latitude?,0.000000,1.000000,0.000000
10,3,0,0.000000,0.5,64,about 6 billion,How many base pairs in diploid human genome?,0.000000,1.000000,0.000000
10,3,0,0.000000,0.5,64,Anagram | Dyslexia | anagram,What is it called when you mix up the letters of a word?,0.000000,1.000000,0.000000
10,3,0,0.000000,0.5,64,before or after Easter | from March to April | week of the third Monday in April | April | usually around Easter | March,When does spring break start in the us?,0.000000,1.000000,0.000000
10,3,0,0.000000,0.5,64,"Vancouver, British Columbia",Where was the movie come and find me filmed?,0.000000,1.000000,0.000000
10,3,0,0.000000,0.5,64,"US$13,100,000,000 | US$11.6 billion",How much did it cost rio to host the olympics?,0.000000,1.000000,0.000000
10,3,0,0.000000,0.5,64,Eris Baker | daughter of Randall and Beth Pearson,Who is the character tess in this is us?,0.000000,1.000000,0.000000
10,3,0,0.000000,0.5,64,Ruism | Confucianism,The analects have been attributed to the founder of this religion?,0.000000,1.000000,0.000000
10,3,0,0.000000,0.5,64,United States National Parks | United States national parks | Federal recreation entrance or standard amenity fee sites,Where can i use my golden age passport?,0.000000,1.000000,0.000000
10,3,0,0.000000,0.5,64,1978 | 1999 | 1993 | 1973 | 2011 | 1965,When was the new international version bible written?,0.000000,1.000000,0.000000
10,3,0,0.000000,0.5,64,South Africa and Namibia and between South Africa and Lesotho,Which international border does the gariep-orange follow before it enters the sea?,0.000000,1.000000,0.000000
10,3,0,0.000000,0.5,64,Libertas | Liberty | Liberty (personification) | István Horthy,Who is the statue of liberty supposed to be?,0.000000,1.000000,0.000000
10,3,0,0.000000,0.5,64,Romano-Britains | Magnus Maximus,Who got rid of the romans in britain?,0.000000,1.000000,0.000000
10,3,0,0.000000,0.5,64,"Bravery | Daniel Tudhope | Daniel ""Danny"" Tudhope | David O'Meara | Secret Brief | William Buick | Charlie Appleby | Gabrial | Tony Hamilton | Richard Fahey",Who won the lincoln horse race last year?,0.000000,1.000000,0.000000
10,3,0,0.000000,0.5,64,members of Parliament | the members of Parliament | Parliament | European People's Party (EPP) and Party of European Socialists (PES),Who elects the president of the european parliament?,0.000000,1.000000,0.000000
10,3,0,0.000000,0.5,64,Aaron Finch | Aaron James Finch | Afghanistan national cricket team | Afganistan | 75 | Kasun Rajitha,Highest runs in t20 international in an innings?,0.000000,1.000000,0.000000
10,3,0,0.000000,0.5,64,"India, Pakistan | India, Bangladesh | Bangladesh | India | Japan",Who won the match of asia cup 2018?,0.000000,1.000000,0.000000
10,3,0,0.000000,0.5,64,Lilly Singh,Who plays the teacher on f the prom?,0.000000,1.000000,0.000000
10,3,0,0.000000,0.5,64,scrolling | running | exercise,Some mice have a wheel in the middle. generally what is this wheel for?,0.000000,1.000000,0.000000
10,3,0,0.000000,0.5,64,"Winston Churchill | Lord Linlithgow | Linlithgow | Victor Hope, 2nd Marquess of Linlithgow | Victor Alexander John Hope, 2nd Marquess of Linlithgow | Victor Alexander John Hope | Sir Winston Leonard Spencer-Churchill",Who was british pm and viceroy during quit india movement?,0.000000,1.000000,0.000000
10,3,0,0.000000,0.5,64,"January 26, 1992 | Superbowl 26 | Superbowl XXVI | January 22, 1984 | Superbowl XVIII | Superbowl 18 | January 31, 1988 | Superbowl XXII | Superbowl 22",When did the redskins go to the superbowl?,0.000000,1.000000,0.000000
10,3,0,0.000000,0.5,64,PewDiePie | Pewdiepie | Felix Arvis Ulf Kjellberg,Who is the most subscribed vlogger on youtube?,0.000000,1.000000,0.000000
10,3,0,0.000000,0.5,64,interphase | Interphase,Which last longer the mitotic phase or interphase?,0.000000,1.000000,0.000000
10,3,0,0.000000,0.5,64,vegetable oils | palm oil | hydrogenated vegetable oils,Kind of oil that has been turned into a solid fat?,0.000000,1.000000,0.000000
10,3,0,0.000000,0.5,64,"July 21, 2018 | August 26 - December 4 2017 | August 26, 2017 - December 4, 2017",When does last chance u season 3 take place?,0.000000,1.000000,0.000000
10,3,0,0.000000,0.5,64,"August 4, 2011 | October 20, 2011 | January 5, 2012 | March 15, 2012 | October 4, 2012 | December 20, 2012",When did the last season of jersey shore air?,0.000000,1.000000,0.000000
10,3,0,0.000000,0.5,64,2012 | 1997,When was the last time uc made the sweet 16?,0.000000,1.000000,0.000000
10,3,0,0.000000,0.5,64,27 April 1995,When was freedom day first celebrated in south africa?,0.000000,1.000000,0.000000
10,3,0,0.000000,0.5,64,Sykes | Paddy | Terrier,What is the dog called in midsomer murders?,0.000000,1.000000,0.000000
10,3,0,0.000000,0.5,64,"Wall Street area, an abandoned Catholic school, and Grand Central Terminal in New York City | Paris Charles de Gaulle Airport, Roissy-en-France, Val-d'Oise, France | New York City, White Plains, Hastings-on-Hudson, and Irvington, New York | London | Paris, France | New York City | New York City, White Plains, Hastings-on-Hudson, Irvington NY | London England",Where did they film girl on a train?,0.000000,1.000000,0.000000
10,3,0,0.000000,0.5,64,"March 4, 2018",When does the good fight season 2 start?,0.000000,1.000000,0.000000
10,3,0,0.000000,0.5,64,Clock Tower | Elizabeth Tower | The Elizabeth Tower | the Clock Tower,What is the name of the tower big ben is in?,0.000000,1.000000,0.000000
10,3,0,0.000000,0.5,64,"Len Dawson, Bob Griese, Hank Stram, Ron Woodson | Len Dawson | Bob Griese | Hank Stram | Rod Woodson",Purdue football players in nfl hall of fame?,0.000000,1.000000,0.000000
10,3,0,0.000000,0.5,64,Richard Lee Jackson,Who plays sonny in love's long journey?,0.000000,1.000000,0.000000
10,3,0,0.000000,0.5,64,Alley Mills,Who played the mother in the wonder years?,0.000000,1.000000,0.000000
10,3,0,0.000000,0.5,64,five | 5,How many episodes are there to my mother and other strangers?,0.000000,1.000000,0.000000
10,3,0,0.000000,0.5,64,"April 12, 1971 | February 1971 | November 25, 1985",When did the song country roads come out?,0.000000,1.000000,0.000000
10,3,0,0.000000,0.5,64,/ˌwɑːɡəˈduːɡuː/ | [ˈwɔɣədəɣʊ] | [waɡaduɡu],How do you pronounce the capital of burkina faso?,0.000000,1.000000,0.000000
10,3,0,0.000000,0.5,64,March 1837,When did the us recognize texas as an independent nation?,0.000000,1.000000,0.000000
10,3,0,0.000000,0.5,64,Andrew the Apostle | Saint Andrew | Eulària | Aulazia | Saint Eulalia | Olalla | Aulaire,Who was crucified on an x shaped cross?,0.000000,1.000000,0.000000
10,3,0,0.000000,0.5,64,Mrs. Loud | Lorraine Crosby | Dana Patrick | Patti Russo,Who sings with meatloaf in anything for love?,0.000000,1.000000,0.000000
10,3,0,0.000000,0.5,64,The Directors | Directors,Who has responsibility for preparing corporate annual reports?,0.000000,1.000000,0.000000
10,3,0,0.000000,0.5,64,"August 29, 1949",When was the first soviet atomic bomb tested?,0.000000,1.000000,0.000000
10,3,0,0.000000,0.5,64,"John O'Sullivan | Jane Cazneau | extending the area of freedom | ""a sense of mission to redeem the Old World by high example ... generated by the potentialities of a new earth for building a new heaven",Who coined the phrase manifest destiny and what does it mean?,0.000000,1.000000,0.000000
10,3,0,0.000000,0.5,64,Svartsengi geothermal power station | nearby geothermal power plant Svartsengi | Geothermal power plant | Svartsengi | geothermal power station | Umgeni River,Where does the blue lagoon water come from?,0.000000,1.000000,0.000000
10,3,0,0.000000,0.5,64,Meiji era | Meiji | The Meiji era,What is the name of the period in japanese history that began in 1868?,0.000000,1.000000,0.000000
10,3,0,0.000000,0.5,64,Alonzo Alvarez de Pineda | Hernando de Soto,Who was the first european to discover the mississippi river?,0.000000,1.000000,0.000000
10,3,0,0.000000,0.5,64,"Season 5 Episode 9 | Frame Toby | November 20, 2008",When does toby come back to the office?,0.000000,1.000000,0.000000
10,3,0,0.000000,0.5,64,7 | 3,How many episodes of sherlock are there in season 1?,0.000000,1.000000,0.000000
10,3,0,0.000000,0.5,64,superior orbital fissure and supraorbital notch | passes through the orbit superiorly | through the nasal bones | through the anterior ethmoidal foramen,Where does the ophthalmic nerve exit the skull?,0.000000,1.000000,0.000000
10,3,0,0.000000,0.5,64,two | three | four,How many stars are on the chicago flag?,0.000000,1.000000,0.000000
10,3,0,0.000000,0.5,64,"1,041,427 | 1,041,427 SHU | more than 1 million",How much scoville units is a ghost pepper?,0.000000,1.000000,0.000000
10,3,0,0.000000,0.5,64,Bourbon Street | Canal Street,What's the famous street in new orleans?,0.000000,1.000000,0.000000
10,3,0,0.000000,0.5,64,Cape Gracias a Dios | northeastern Central America | Central America | Louisiana,Where did hurricane edith make landfall in 1971?,0.000000,1.000000,0.000000
10,3,0,0.000000,0.5,64,"December 13, 2017 | December 6, 2017 | November 29, 2017 | May 26, 2017 | February 15, 2016 | March 16, 2015",When does the next episode of the next step come out?,0.000000,1.000000,0.000000
10,3,0,0.000000,0.5,64,Miley Ray Cyrus | Cyrus | Destiny Hope Cyrus | Miley Cyrus,Who sings came in like a wrecking ball?,0.000000,1.000000,0.000000
10,3,0,0.000000,0.5,64,Franklin Shea Whigham Jr. | Wigham | Shea Whigham | Uchida | Naoya Uchida | Chris Britton | Britton | Christopher Britton | Matsushige | Yutaka Matsushige | Takeshi Kaga,Who plays light's dad in death note?,0.000000,1.000000,0.000000
10,3,0,0.000000,0.5,64,"Vee Parker, and  Rosa Cisneros | Vee Parker | Vee | Yvonne Parker",Who dies in season 2 of orange is the new black?,0.000000,1.000000,0.000000
10,3,0,0.000000,0.5,64,Tatyana M. Ali | Tatyana Marisol Ali | Ali,Who plays ashley on fresh prince of bel-air?,0.000000,1.000000,0.000000
10,3,0,0.000000,0.5,64,Ajit Wadekar | Ajit Laxman Wadekar,Who was the captain when india played its first-ever odi?,0.000000,1.000000,0.000000
10,3,0,0.000000,0.5,64,six,How many working police commissionerates are there in karnataka?,0.000000,1.000000,0.000000
10,3,0,0.000000,0.5,64,Post Alley under Pike Place Market | Pike Place Market | an alleyway in Post Alley | Post Alley | Pike Place Market in Downtown Seattle | Downtown Seattle,Where is the gum wall in seattle washington?,0.000000,1.000000,0.000000
10,3,0,0.000000,0.5,64,Democritus | Epicurus | Leucippus,Who thought atoms and the void comprised all of reality?,0.000000,1.000000,0.000000
10,3,0,0.000000,0.5,64,29th America's Cup | 6–13 May 1995 | 1995 | 20 February – 2 March 2000 | 30th America's Cup | 2000 | 35th staging of the America's Cup yacht race | 17–26 June 2017 | 2017 America's Cup | 2017,When did new zealand win the americas cup?,0.000000,1.000000,0.000000
10,3,0,0.000000,0.5,64,"July 16, 2017 | April 21, 2016",When does game of thrones season 7 come on hbo?,0.000000,1.000000,0.000000
10,3,0,0.000000,0.5,64,"1963 | 1983 | July 1, 1963",When did the us start using zip codes?,0.000000,1.000000,0.000000
10,3,0,0.000000,0.5,64,"March 7, 2013 | On March 7, 2013 | March 7 , 2013",When does orange is the new black start filming?,0.000000,1.000000,0.000000
10,3,0,0.000000,0.5,64,atria | Right Atrium | Atrioventricular node | AV node | SA node | sinoatrial node,Where are the group of cells that control the natural resting heart rate found?,0.000000,1.000000,0.000000
10,3,0,0.000000,0.5,64,Jerome Cavanagh | Jerome Patrick Cavanagh,Who was the mayor of detroit in 1967?,0.000000,1.000000,0.000000
10,3,0,0.000000,0.5,64,1836 | 1836 onwards | February 1835,When did the voortrekkers arrive in south africa?,0.000000,1.000000,0.000000
10,3,0,0.000000,0.5,64,"Cleveland | Cleveland, OH | Columbus, Ohio | Columbus",Where is the cash explosion tv show taped?,0.000000,1.000000,0.000000
10,3,0,0.000000,0.5,64,"Charles Philip Arthur George | Charles, Duke of Cornwall | Charles, Prince of Wales | Charles, Duke of Rothesay",Next in line to be king of britain?,0.000000,1.000000,0.000000
10,3,0,0.000000,0.5,64,IMD | India Meteorological Department,Agencies in india responsible for warning natural disasters?,0.000000,1.000000,0.000000
10,3,0,0.000000,0.5,64,Jarry Park Stadium | Stade Du Maurier | Stade IGA | Stade Uniprix | Du Maurier | Uniprix,Where is the rogers cup held in montreal?,0.000000,1.000000,0.000000
10,3,0,0.000000,0.5,64,CLT | KCLT | 72314,What is the airport code for charlotte nc?,0.000000,1.000000,0.000000
10,3,0,0.000000,0.5,64,Amelia Crouch | Anne Hathaway,Who plays the white queen in alice through the looking glass?,0.000000,1.000000,0.000000
10,3,0,0.000000,0.5,64,Ford | toyota | ford | Toyota,What kind of car won the daytona 500 this year?,0.000000,1.000000,0.000000
10,3,0,0.000000,0.5,64,James Pankow,Who wrote just you and me by chicago?,0.000000,1.000000,0.000000
10,3,0,0.000000,0.5,64,"Mondelēz International | Cadbury | Cadbury Schweppes | Craig Sams | Josephine Fairley | Craig Sams, Josephine Fairley | formerly kraft foods",Who owns green and black's organic chocolate?,0.000000,1.000000,0.000000
10,3,0,0.000000,0.5,64,Jason Newsted,Who played bass on and justice for all?,0.000000,1.000000,0.000000
10,3,0,0.000000,0.5,64,Chicago Cubs | Chicago | Cubs | Cubs and Mariners | Chicago Cubs and Seattle Mariners | Chicago and Seattle | Seattle Mariners,Who has the most wins in a major league baseball season?,0.000000,1.000000,0.000000
10,3,0,0.000000,0.5,64,Olympic Peninsula | Grays Harbor | Jefferson | Mason | Clallam,Where is olympic national park located in washington?,0.000000,1.000000,0.000000
10,3,0,0.000000,0.5,64,"565 | 17 months | March 15, 2015 until August 21, 2016",How long did finding neverland run on broadway?,0.000000,1.000000,0.000000
10,3,0,0.000000,0.5,64,Colin Munro,Who has become the first batsman to score three hundreds in t20 internationals?,0.000000,1.000000,0.000000
10,3,0,0.000000,0.5,64,Season 7 | season seven | season 7 | season five | season 5 | Season 5,What season does meredith and derek get married in grey's anatomy?,0.000000,1.000000,0.000000
10,3,0,0.000000,0.5,64,Emmanuel Goldstein | a committee that included himself | a committee,Who wrote the theory and practice of oligarchical collectivism?,0.000000,1.000000,0.000000
10,3,0,0.000000,0.5,64,Santa Monica Pier | Los Angeles Zoo in Griffith Park | 2912 4th Street in Santa Monica | Los Angeles Zoo | Griffith Park | Santa Monica,Where was the opening of three's company filmed?,0.000000,1.000000,0.000000
10,3,0,0.000000,0.5,64,"November 14, 2000 | April 10, 1985 | November 1998",When did the song angel first come out?,0.000000,1.000000,0.000000
10,3,0,0.000000,0.5,64,Regina Ilyinichna Spektor | Regina Spektor,Who sang the orange is the new black theme song?,0.000000,1.000000,0.000000
10,3,0,0.000000,0.5,64,"July 16, 2017 | April 24, 2016 | April 12, 2015 | July 16, 2017-August 27, 2017 | July 16 – August 27, 2017 | April 24, 2016-June 26, 2016 | April 24 – June 26, 2016 | April 12, 2015-June 14, 2015 | April 12 – June 14, 2015",When does the new season of got air?,0.000000,1.000000,0.000000
10,3,0,0.000000,0.5,64,"July 17, 2012",When did the first land of stories come out?,0.000000,1.000000,0.000000
10,3,0,0.000000,0.5,64,"Laura Pierson & Tyler Adams | Team SoCal | Blind date couple | ""Team SoCal"" | Laura & Tyler",Who won season 26 of the amazing race?,0.000000,1.000000,0.000000
10,3,0,0.000000,0.5,64,Review organizational goal,The first step in management by objectives is?,0.000000,1.000000,0.000000
10,3,0,0.000000,0.5,64,"Glenorchy | Queenstown and Glenorchy, in Otago, on the South Island of New Zealand | Queenstown | Moke Lake | Closeburn, Queenstown, South Island | Sydney, Australia | Queenstown and Glenorchy | Queenstown and Glenorchy, in Otago | Sydney",Where was 'top of the lake' filmed?,0.000000,1.000000,0.000000
10,3,0,0.000000,0.5,64,Scott Kelly | Scott Joseph Kelly | Mikhail Borisovich Kornienko | Mikhail Kornienko | Scott Kelly and Mikhail Korniyenko,Who were the two astronauts who stayed a year on the iss?,0.000000,1.000000,0.000000
10,3,0,0.000000,0.5,64,"March 18, 2016",When is season 2 of daredevil coming to netflix?,0.000000,1.000000,0.000000
10,3,0,0.000000,0.5,64,Dulquer Salmaan,Who played the role of gemini ganeshan in mahanati?,0.000000,1.000000,0.000000
10,3,0,0.000000,0.5,64,1895 and 1919 | start of the 20th century | early 1970s | 1970s,When did ragtime flourished in the united states?,0.000000,1.000000,0.000000
10,3,0,0.000000,0.5,64,"April 23, 2018 | April 27, 2018",When is the releasing date of avengers infinity war?,0.000000,1.000000,0.000000
10,3,0,0.000000,0.5,64,8,How many episodes are there in permanent roommates season 2?,0.000000,1.000000,0.000000
10,3,0,0.000000,0.5,64,August 1978 | 2004,When was the commission fir sc/st established?,0.000000,1.000000,0.000000
10,3,0,0.000000,0.5,64,Ashton Kutcher | Christopher Ashton Kutcher,First person to have 1 million followers on twitter?,0.000000,1.000000,0.000000
10,3,0,0.000000,0.5,64,Simon & Garfunkel | Paul Simon and Art Garfunkel | Art Garfunkel | Paul Simon | Dami Im,Who is the original artist of sound of silence?,0.000000,1.000000,0.000000
10,3,0,0.000000,0.5,64,Mallikarjun Kharge | Mallikarjun Kharge and K V Thomas | K V Thomas,Present chairman of public accounts committee of lok sabha?,0.000000,1.000000,0.000000
10,3,0,0.000000,0.5,64,Conrad Walden | Sally Walden | Spencer Breslin | Dakota Fanning | Conrad | Sally | Tony Frazier | Pamelyn Ferdin | Sally and her brother,The cat in the hat boy and girl?,0.000000,1.000000,0.000000
10,3,0,0.000000,0.5,64,Chiwetel Ejiofor | Courtney Philip | Chiwetel Umeadi Ejiofor,Who plays lola in kinky boots the movie?,0.000000,1.000000,0.000000
10,3,0,0.000000,0.5,64,26 April 1915 | 23 May 1915 | 23 May,When did italy enter the first world war?,0.000000,1.000000,0.000000
10,3,0,0.000000,0.5,64,"an audience already Christian | a gentile audience, probably in Rome, although Galilee, Antioch (third-largest city in the Roman Empire, located in northern Syria), and southern Syria have also been suggested | a gentile audience",Who was the book of mark written to?,0.000000,1.000000,0.000000
10,3,0,0.000000,0.5,64,Nick Robinson,Who played ben parish in the 5th wave?,0.000000,1.000000,0.000000
10,3,0,0.000000,0.5,64,.edu | .org,Which type of url is associated with non-profit organizations .gov .edu .org .com?,0.000000,1.000000,0.000000
10,3,0,0.000000,0.5,64,Suresh Prabhu | Suresh Prabhakar Prabhu | D. V. Sadananda Gowda | Devaragunda Venkappa Sadananda Gowda | Mallikarjun Kharge | Mapanna Mallikarjun Kharge,Who is the new central railway minister of india?,0.000000,1.000000,0.000000
10,3,0,0.000000,0.5,64,Lori Lieberman,Who sang killing me softly with his song first?,0.000000,1.000000,0.000000
10,3,0,0.000000,0.5,64,0.09% | 13.5% | 1.3%,Share of hydroelectric power in total electricity produced in india?,0.000000,1.000000,0.000000
10,3,0,0.000000,0.5,64,United States Department of Justice | DOJ,Which department in the presidents cabinet is led by the attorney general?,0.000000,1.000000,0.000000
10,3,0,0.000000,0.5,64,1980 | 2008,When did the phillies win the world series?,0.000000,1.000000,0.000000
10,3,0,0.000000,0.5,64,7 | 5,How many states in india are under congress?,0.000000,1.000000,0.000000
10,3,0,0.000000,0.5,64,Instagram | Cristiano Ronaldo | Ronaldo,Who has the most number of followers on instagram?,0.000000,1.000000,0.000000
10,3,0,0.000000,0.5,64,Tim Paterson | Microsoft,Who was the programmer of ms-dos operating system?,0.000000,1.000000,0.000000
10,3,0,0.000000,0.5,64,Jimmy Carter,Who won the democratic nomination for president in 1980?,0.000000,1.000000,0.000000
10,3,0,0.000000,0.5,64,"$30,000 | $15,000 | $2,500",Pay for star on hollywood walk of fame?,0.000000,1.000000,0.000000
10,3,0,0.000000,0.5,64,Colman Domingo | Domingo,Who plays victor on fear the walking dead?,0.000000,1.000000,0.000000
10,3,0,0.000000,0.5,64,2004 | 2012,When was the makkah royal clock tower hotel built?,0.000000,1.000000,0.000000
10,3,0,0.000000,0.5,64,"John Powell | Jón Þór ""Jónsi"" Birgisson",Who wrote the music for how to train your dragon?,0.000000,1.000000,0.000000
10,3,0,0.000000,0.5,64,1966 | 1966 FIFA World Cup Final | 30 July 1966,When did england win the world cup in soccer?,0.000000,1.000000,0.000000
10,3,0,0.000000,0.5,64,Neil Young | Saint Etienne | Saint Etienne feat. Moira Lambert,Who sang only love can break your heart?,0.000000,1.000000,0.000000
10,3,0,0.000000,0.5,64,Buffalo City Metropolitan Municipality | City of Cape Town Metropolitan Municipality | City of Johannesburg Metropolitan Municipality | City of Tshwane Metropolitan Municipality | City of Ekurhuleni Metropolitan Municipality | eThekwini Metropolitan Municipality | Mangaung Metropolitan Municipality | Nelson Mandela Bay Metropolitan Municipality,Names of the metropolitan municipalities in south africa?,0.000000,1.000000,0.000000
10,3,0,0.000000,0.5,64,Gareth Ainsworth | Arsène Wenger,Who are the longest serving managers in the premier league?,0.000000,1.000000,0.000000
10,3,0,0.000000,0.5,64,Alan Rickman | Alan Sidney Patrick Rickman,Who plays ronald reagan in lee daniels the butler?,0.000000,1.000000,0.000000
10,3,0,0.000000,0.5,64,Duke | Duke Blue Devils | Auburn Tigers | Auburn,Who did fsu beat for the 2013 championship?,0.000000,1.000000,0.000000
10,3,0,0.000000,0.5,64,Alycia Debnam-Carey | Debnam-Carey | Alycia Jasmin Debnam-Carey,Who plays alicia on fear the walking dead?,0.000000,1.000000,0.000000
10,3,0,0.000000,0.5,64,"November 15, 2011 | September 6, 2012 | December 18, 2012",When did the first generation kindle fire come out?,0.000000,1.000000,0.000000
10,3,0,0.000000,0.5,64,spring harvest season | spring | love,The festival of holi marks the end of winter and the beginning of?,0.000000,1.000000,0.000000
10,3,0,0.000000,0.5,64,fifth planet from the Sun,Where is the planet jupiter located in the solar system?,0.000000,1.000000,0.000000
10,3,0,3.321928,0.5,64,seasons 5 | Season 5 episode 1 | Season 5 episode 20 | Season 6 episode 8,When do riley and danny get together in baby daddy?,0.862496,0.100000,0.000000
10,3,0,3.321928,0.5,64,store energy,What is the function of starch granules in plant cells?,0.985645,0.100000,0.000000
10,3,0,3.321928,0.5,64,White Sox | Chicago White Sox | Chicago,Who did houston play in 2005 world series?,0.985645,0.100000,0.000000
10,3,0,3.321928,0.5,64,Belgium | Die Roten Teufel | Les Diables Rouges | Belgium national football team | De Rode Duivels,Who won third place in fifa world cup 2018?,0.985645,0.100000,0.000000
10,3,0,3.321928,0.5,64,bolsheviks | the bolsheviks | The Bolsheviks,What group came to power because of the russian revolution of 1917?,0.985645,0.100000,0.000000
10,3,0,3.321928,0.5,64,Brooks Koepka | United States | Park Sung-hyun | South Korea,Who won the us open golf in 2017?,0.985645,0.100000,0.000000
10,3,0,3.321928,0.5,64,Hephaestus | Hestia,Who was the god of fire greek mythology?,0.985645,0.100000,0.000000
10,3,0,3.321928,0.5,64,between Earth and the sun | new moon phase,Where is the moon located during a solar eclipse?,0.985645,0.100000,0.000000
10,3,0,3.321928,0.5,64,acrostic,Using the letters of a word to make a poem?,0.985645,0.100000,0.000000
10,3,0,3.321928,0.5,64,1912 | 21 March 1912,In which year was assam separated from bengal?,0.985645,0.100000,0.000000
10,3,0,3.321928,0.5,64,Aesop,Who wrote the story of the tortoise and the hare?,0.985645,0.100000,0.000000
10,3,0,3.321928,0.5,64,Hume | Allan Octavian Hume | A.O. Hume | Retired British Indian Civil Service (ICS) officer | A. O. Hume,Who is regarded as the founder of the indian national congress?,0.985645,0.100000,0.000000
10,3,0,3.321928,0.5,64,Fauquier | Loudoun | Prince William | Stafford | Arlington | Fairfax | Alexandria | Falls Church | Manassas | Manassas Park | Northern Virginia | NOVA,Where is the telephone area code 571 located?,0.985645,0.100000,0.000000
10,3,0,3.321928,0.5,64,June 2004 | 2020,When does the new army uniform come out?,0.985645,0.100000,0.000000
10,3,0,3.321928,0.5,64,"Qatar | Capetown,  South Africa",Who is hosting the next world cup 2022?,0.985645,0.100000,0.000000
10,3,0,3.321928,0.5,64,25 | 26,How many episode in seven deadly sins season 2?,0.985645,0.100000,0.000000
10,3,0,3.321928,0.5,64,"March 26,1982 | 1982 | November 13,1982",When was the vietnam veterans war memorial built?,0.985645,0.100000,0.000000
10,3,0,3.321928,0.5,64,Stuart Hamblen | Carl Stuart Hamblen | Hamblen,Who wrote it is no secret what god can do?,0.985645,0.100000,0.000000
10,3,0,3.321928,0.5,64,"Port Hope, Oshawa, Ontario and Riverdale, Toronto | Derry, Maine",Where does the movie it take place 2017?,0.985645,0.100000,0.000000
10,3,0,3.321928,0.5,64,abbey | cemetary crypt | Switzerland,Where did they escape to in the sound of music?,0.985645,0.100000,0.000000
10,3,0,3.321928,0.5,64,United States | China,Who won the womens world cup in 2015?,0.985645,0.100000,0.000000
10,3,0,3.321928,0.5,64,Joel Tobeck | Craig Hall | Rodger Corser,Who plays the superintendent in doctor blake mysteries?,0.985645,0.100000,0.000000
10,3,0,3.321928,0.5,64,early 1940s | the early 1940s | 1940s,When did they stop using knob and tube electrical?,0.985645,0.100000,0.000000
10,3,0,3.321928,0.5,64,Elizabeth Fishman | Elizabeth F. Loftus | Elizabeth Loftus | Hugo Münsterberg,A pioneer in the field of eye witness research?,0.985645,0.100000,0.000000
10,3,0,3.321928,0.5,64,Jacinda Barrett | Giacinta Juanita Cordelia Arabella Luciana Rosalina Barrett | Barrett,Who plays rebecca in bridget jones edge of reason?,0.985645,0.100000,0.000000
10,3,0,3.321928,0.5,64,Eddie Murphy,Who played the white guy in the barbershop in coming to america?,0.985645,0.100000,0.000000
10,3,0,3.321928,0.5,64,16 March 1815,When did the netherlands became a constitutional monarchy?,0.985645,0.100000,0.000000
10,3,0,3.321928,0.5,64,12 September 2017 | 14 August 2018 | 12 September 2017 - 2 October 2018,When is season 3 of 800 words coming out?,0.985645,0.100000,0.000000
10,3,0,3.321928,0.5,64,"May 26, 2007",When did the maverick at cedar point open?,0.985645,0.100000,0.000000
10,3,0,3.321928,0.5,64,Montana | Idaho | Oregon | Washington | Washington and Oregon,What state is directly west of north dakota?,0.985645,0.100000,0.000000
10,3,0,3.321928,0.5,64,"ribs six through twelve | longissimus dorsi muscle, complexus and spinalis muscles",What part of cow does ribeye come from?,0.985645,0.100000,0.000000
10,3,0,3.321928,0.5,64,Harry Vanda and George Young | Andy Hill & Pete Sinfield | Burt Bacharach & Hal David,Who wrote the song land of make believe?,0.985645,0.100000,0.000000
10,3,0,3.321928,0.5,64,Chevrolet Impala Lowrider | Chevrolet Impala | Lowrider,What kind of car was ramone from cars?,0.985645,0.100000,0.000000
10,3,0,3.321928,0.5,64,"2017 | 2016 | 2015 | August 1966, | February 18, 1996",When was the last time a $2 bill was printed?,0.985645,0.100000,0.000000
10,3,0,3.321928,0.5,64,22.972 | 22.972 mi | 22.98,How many miles is mccarran blvd in reno nv?,0.985645,0.100000,0.000000
10,3,0,3.321928,0.5,64,Carey Lowell | Lynn Cartwright,Who played the older dottie in a league of their own?,0.985645,0.100000,0.000000
10,3,0,3.321928,0.5,64,Thomas Jefferson,Unable to attend the constitutional convention because he was serving as american minister to france?,0.985645,0.100000,0.000000
10,3,0,3.321928,0.5,64,left behind and palmed | palmed | palm,Where does the coin go in a french drop?,0.985645,0.100000,0.000000
10,3,0,3.321928,0.5,64,Florida St. | Florida State | Alabama Crimson Tide and Clemson Tigers | Nebraska | Alabama | Princeton,Who's won the most national championships in college football?,0.985645,0.100000,0.000000
10,3,0,3.321928,0.5,64,Lipases | Proteases | peptidases | proteinase | Amylases | nucleodepolymerase | polynucleotidase | Nucleases,What are the 3 types of enzymes in digestion?,0.985645,0.100000,0.000000
10,3,0,3.321928,0.5,64,"Amber, Tammy, Shelley, and The Dynamites (Brittany Snow) | Amber, Tammy, Shelley, and The Dynamites",Who sings the new girl in town hairspray?,0.985645,0.100000,0.000000
10,3,0,3.321928,0.5,64,John Cappelletti,Who won the heisman trophy from penn state?,0.985645,0.100000,0.000000
10,3,0,3.321928,0.5,64,2 | 1,How many times has the patriots won the superbowl in a row?,0.985645,0.100000,0.000000
